account_id,customer_id,account_type,opened_at,status
A0001,C0003,SAVINGS,2024-08-22,CLOSED
A0002,C0005,CHECKING,2024-10-01,CLOSED
A0003,C0042,SAVINGS,2024-08-05,CLOSED
A0004,C0030,CHECKING,2025-10-20,CLOSED
A0005,C0016,SAVINGS,2024-05-22,CLOSED
A0006,C0026,SAVINGS,2025-08-20,ACTIVE
A0007,C0033,SAVINGS,2024-05-21,ACTIVE
A0008,C0004,CHECKING,2026-02-12,ACTIVE
A0009,C0011,SAVINGS,2025-10-04,ACTIVE
A0010,C0025,SAVINGS,2025-01-29,CLOSED
A0011,C0001,CHECKING,2025-07-20,CLOSED
A0012,C0042,SAVINGS,2026-02-26,ACTIVE
A0013,C0028,CHECKING,2024-10-27,CLOSED
A0014,C0047,SAVINGS,2024-01-04,ACTIVE
A0015,C0007,SAVINGS,2025-06-03,ACTIVE
A0016,C0024,CHECKING,2024-06-05,ACTIVE
A0017,C0021,SAVINGS,2025-09-05,ACTIVE
A0018,C0024,SAVINGS,2024-04-24,ACTIVE
A0019,C0016,CHECKING,2024-02-29,ACTIVE
A0020,C0032,CHECKING,2026-01-19,ACTIVE
A0021,C0043,SAVINGS,2024-05-11,ACTIVE
A0022,C0034,SAVINGS,2024-09-28,ACTIVE
A0023,C0049,CHECKING,2025-07-06,CLOSED
A0024,C0043,SAVINGS,2025-02-12,CLOSED
A0025,C0029,CHECKING,2025-06-13,ACTIVE
A0026,C0005,SAVINGS,2024-08-18,ACTIVE
A0027,C0036,CHECKING,2025-08-25,ACTIVE
A0028,C0005,CHECKING,2024-01-08,ACTIVE
A0029,C0003,SAVINGS,2024-03-10,ACTIVE
A0030,C0016,SAVINGS,2025-06-10,CLOSED
A0031,C0035,CHECKING,2024-08-07,CLOSED
A0032,C0031,SAVINGS,2024-09-05,ACTIVE
A0033,C0007,SAVINGS,2024-04-06,CLOSED
A0034,C0027,SAVINGS,2025-03-09,ACTIVE
A0035,C0042,CHECKING,2025-11-20,ACTIVE
A0036,C0047,SAVINGS,2025-02-16,ACTIVE
A0037,C0013,CHECKING,2024-09-11,CLOSED
A0038,C0028,CHECKING,2024-05-23,CLOSED
A0039,C0016,CHECKING,2025-04-18,CLOSED
A0040,C0036,CHECKING,2026-04-07,ACTIVE
A0041,C0035,CHECKING,2025-10-29,ACTIVE
A0042,C0016,CHECKING,2026-02-10,CLOSED
A0043,C0031,CHECKING,2025-05-12,CLOSED
A0044,C0011,SAVINGS,2024-03-01,ACTIVE
A0045,C0017,SAVINGS,2025-02-03,CLOSED
A0046,C0045,SAVINGS,2025-03-09,ACTIVE
A0047,C0019,CHECKING,2024-07-13,ACTIVE
A0048,C0048,CHECKING,2025-08-16,CLOSED
A0049,C0004,SAVINGS,2024-02-28,ACTIVE
A0050,C0033,CHECKING,2024-02-28,ACTIVE
A0051,C0039,CHECKING,2024-03-11,ACTIVE
A0052,C0008,CHECKING,2025-02-17,ACTIVE
A0053,C0006,SAVINGS,2025-09-26,CLOSED
A0054,C0014,SAVINGS,2024-09-24,ACTIVE
A0055,C0026,CHECKING,2024-09-28,CLOSED
A0056,C0021,CHECKING,2025-04-13,ACTIVE
A0057,C0040,CHECKING,2025-04-14,ACTIVE
A0058,C0014,SAVINGS,2025-07-04,ACTIVE
A0059,C0005,CHECKING,2024-12-23,CLOSED
A0060,C0011,SAVINGS,2024-10-18,CLOSED
A0061,C0042,CHECKING,2025-09-18,CLOSED
A0062,C0007,CHECKING,2025-11-10,CLOSED
A0063,C0007,CHECKING,2024-04-28,CLOSED
A0064,C0039,CHECKING,2024-10-15,CLOSED
A0065,C0044,SAVINGS,2024-07-27,CLOSED
A0066,C0004,CHECKING,2024-09-14,CLOSED
A0067,C0018,CHECKING,2026-04-29,ACTIVE
A0068,C0050,CHECKING,2024-12-07,CLOSED
A0069,C0048,SAVINGS,2024-06-14,CLOSED
A0070,C0001,CHECKING,2025-07-28,ACTIVE
A0071,C0010,CHECKING,2025-12-08,CLOSED
A0072,C0036,CHECKING,2025-08-19,CLOSED
A0073,C0003,SAVINGS,2024-05-10,CLOSED
A0074,C0003,SAVINGS,2026-03-26,ACTIVE
A0075,C0016,CHECKING,2025-11-29,CLOSED
A0076,C0036,SAVINGS,2026-03-09,ACTIVE
A0077,C0011,CHECKING,2024-08-30,CLOSED
A0078,C0012,SAVINGS,2024-01-26,CLOSED
A0079,C0043,CHECKING,2026-04-01,CLOSED
A0080,C0045,CHECKING,2024-06-12,CLOSED
A0081,C0003,SAVINGS,2026-06-12,ACTIVE
A0082,C0030,SAVINGS,2024-07-23,CLOSED
A0083,C0015,CHECKING,2026-04-20,ACTIVE
A0084,C0013,SAVINGS,2025-11-06,CLOSED
A0085,C0005,SAVINGS,2024-10-12,CLOSED
A0086,C0033,SAVINGS,2025-10-18,CLOSED
A0087,C0008,SAVINGS,2024-01-29,ACTIVE
A0088,C0017,CHECKING,2025-08-17,ACTIVE
A0089,C0028,SAVINGS,2025-09-02,CLOSED
A0090,C0039,CHECKING,2025-03-22,CLOSED
A0091,C0013,SAVINGS,2025-08-13,ACTIVE
A0092,C0028,CHECKING,2025-12-26,ACTIVE
A0093,C0028,CHECKING,2025-01-07,CLOSED
A0094,C0021,CHECKING,2025-09-30,CLOSED
A0095,C0020,SAVINGS,2025-06-03,CLOSED
A0096,C0045,SAVINGS,2025-02-16,ACTIVE
A0097,C0027,SAVINGS,2024-07-15,ACTIVE
A0098,C0037,SAVINGS,2025-09-22,CLOSED
A0099,C0001,SAVINGS,2025-07-15,CLOSED
A0100,C0028,SAVINGS,2024-08-03,CLOSED
