customer_id,name,state,created_at
C0001,Customer_C0001,TX,2025-10-16
C0002,Customer_C0002,MI,2024-01-26
C0003,Customer_C0003,GA,2024-09-07
C0004,Customer_C0004,TX,2024-05-22
C0005,Customer_C0005,CO,2025-11-23
C0006,Customer_C0006,CO,2024-03-30
C0007,Customer_C0007,TX,2025-03-08
C0008,Customer_C0008,TX,2024-01-31
C0009,Customer_C0009,GA,2024-08-11
C0010,Customer_C0010,CO,2025-06-01
C0011,Customer_C0011,CO,2024-01-28
C0012,Customer_C0012,CO,2024-07-22
C0013,Customer_C0013,GA,2025-03-05
C0014,Customer_C0014,CO,2025-04-04
C0015,Customer_C0015,TX,2024-10-11
C0016,Customer_C0016,GA,2026-02-16
C0017,Customer_C0017,CA,2025-12-15
C0018,Customer_C0018,MI,2024-12-14
C0019,Customer_C0019,GA,2024-06-08
C0020,Customer_C0020,MI,2026-02-20
C0021,Customer_C0021,TX,2024-04-14
C0022,Customer_C0022,TX,2025-01-24
C0023,Customer_C0023,MI,2025-01-02
C0024,Customer_C0024,MI,2025-09-10
C0025,Customer_C0025,TX,2026-04-06
C0026,Customer_C0026,CA,2026-01-17
C0027,Customer_C0027,TX,2025-07-03
C0028,Customer_C0028,TX,2025-01-22
C0029,Customer_C0029,MI,2025-07-19
C0030,Customer_C0030,CO,2026-04-29
C0031,Customer_C0031,MI,2026-06-01
C0032,Customer_C0032,GA,2025-08-14
C0033,Customer_C0033,TX,2025-12-22
C0034,Customer_C0034,GA,2024-02-16
C0035,Customer_C0035,MI,2026-03-02
C0036,Customer_C0036,GA,2024-03-22
C0037,Customer_C0037,TX,2026-06-06
C0038,Customer_C0038,MI,2025-01-24
C0039,Customer_C0039,MI,2025-04-09
C0040,Customer_C0040,MI,2024-06-15
C0041,Customer_C0041,GA,2024-12-29
C0042,Customer_C0042,MI,2025-11-17
C0043,Customer_C0043,TX,2025-12-19
C0044,Customer_C0044,GA,2025-09-15
C0045,Customer_C0045,GA,2025-06-30
C0046,Customer_C0046,CA,2024-06-16
C0047,Customer_C0047,MI,2025-01-23
C0048,Customer_C0048,CO,2025-10-17
C0049,Customer_C0049,MI,2024-08-12
C0050,Customer_C0050,TX,2026-05-13
